subj_idx,rt,response
0,0.24157011971859677,1
0,0.2065701197185968,1
0,0.30857011971859677,1
0,0.21757011971859677,1
0,0.23857011971859676,1
0,0.3205701197185968,1
0,0.3255701197185968,1
0,0.21957011971859677,1
0,0.2515701197185968,1
0,0.21957011971859677,1
0,0.22957011971859678,1
0,0.24957011971859677,1
0,0.4355701197185968,1
0,0.4295701197185968,1
0,0.23357011971859676,1
0,0.2785701197185968,1
0,0.36857011971859677,1
0,0.2525701197185968,1
0,0.24457011971859677,1
0,0.2885701197185968,1
0,0.2975701197185968,1
0,0.4345701197185968,1
0,0.3235701197185968,0
0,0.2945701197185968,1
0,0.36757011971859677,1
0,0.34557011971859675,1
0,0.36957011971859677,1
0,0.2055701197185968,1
0,0.24557011971859677,1
0,0.3005701197185968,1
0,0.2635701197185968,1
0,0.18857011971859677,1
0,0.36057011971859676,1
0,0.31057011971859677,1
0,0.46857011971859674,1
0,0.24257011971859677,1
0,0.3255701197185968,1
0,0.22757011971859678,1
0,0.2755701197185968,1
0,0.2995701197185968,1
0,0.49657011971859677,1
0,0.2085701197185968,1
0,0.22257011971859678,1
0,0.3165701197185968,1
0,0.45957011971859674,1
0,0.2555701197185968,1
0,0.37257011971859677,1
0,0.2045701197185968,1
0,0.2655701197185968,1
0,0.22357011971859678,1
0,0.3145701197185968,1
0,0.22157011971859678,1
0,0.5415701197185968,1
0,0.36357011971859676,1
0,0.24057011971859676,1
0,0.46057011971859674,1
0,0.21557011971859677,0
0,0.2875701197185968,1
0,0.2815701197185968,1
0,0.34457011971859675,1
0,0.3315701197185968,1
0,0.2675701197185968,1
0,0.2075701197185968,1
0,0.2095701197185968,0
0,0.5995701197185968,0
0,0.24157011971859677,1
0,0.2825701197185968,1
0,0.33757011971859674,1
0,0.24657011971859677,1
0,0.2545701197185968,0
0,0.24457011971859677,1
0,0.3005701197185968,1
0,0.20257011971859679,1
0,0.2935701197185968,1
0,0.3025701197185968,1
0,0.2655701197185968,1
0,0.2655701197185968,1
0,0.5325701197185968,1
0,0.24357011971859677,1
0,0.36857011971859677,1
0,0.2975701197185968,1
0,0.2715701197185968,1
0,0.19557011971859678,1
0,0.3015701197185968,1
0,0.24957011971859677,1
0,0.23757011971859676,1
0,0.22357011971859678,1
0,0.3215701197185968,1
0,0.5225701197185968,1
0,0.24957011971859677,0
0,0.23757011971859676,1
0,0.6735701197185968,1
0,0.18457011971859677,1
0,0.3935701197185968,1
0,0.2085701197185968,1
0,0.2955701197185968,1
0,0.2735701197185968,1
0,0.2975701197185968,1
0,0.5075701197185968,1
0,0.24557011971859677,1
1,0.8469031624462153,1
1,0.4539031624462153,1
1,0.6929031624462153,0
1,0.4749031624462153,1
1,0.6039031624462152,1
1,0.4269031624462153,1
1,0.7069031624462152,1
1,1.2009031624462154,1
1,0.4279031624462153,1
1,0.4389031624462153,1
1,0.3559031624462153,0
1,0.38490316244621525,1
1,0.6239031624462152,0
1,0.5369031624462153,1
1,0.5079031624462153,1
1,0.7479031624462154,0
1,0.5219031624462153,1
1,0.8449031624462153,1
1,0.4719031624462153,1
1,0.4339031624462153,0
1,0.4309031624462153,1
1,1.0619031624462154,1
1,0.6779031624462153,1
1,0.5339031624462153,1
1,0.4369031624462153,1
1,0.37890316244621525,1
1,0.4319031624462153,0
1,0.4779031624462153,0
1,0.7049031624462152,1
1,0.4469031624462153,1
1,0.6949031624462153,1
1,0.7349031624462152,0
1,0.39890316244621526,1
1,0.8969031624462154,1
1,0.38990316244621526,1
1,0.6879031624462153,1
1,1.0969031624462153,1
1,0.37290316244621524,1
1,0.4379031624462153,1
1,1.0149031624462153,0
1,0.5019031624462152,1
1,0.46890316244621527,1
1,0.9009031624462154,1
1,0.38290316244621525,1
1,0.6869031624462153,1
1,0.6609031624462153,1
1,0.7199031624462153,1
1,0.4529031624462153,1
1,0.4839031624462153,0
1,0.9239031624462153,0
1,0.5049031624462152,0
1,0.7509031624462152,1
1,0.4389031624462153,1
1,0.5269031624462153,0
1,0.5489031624462153,1
1,0.8999031624462153,1
1,0.37190316244621524,1
1,0.7299031624462153,1
1,0.8259031624462154,1
1,1.0099031624462154,1
1,0.7329031624462152,0
1,0.38390316244621525,1
1,0.5969031624462153,1
1,0.46590316244621527,1
1,0.6569031624462153,1
1,0.7419031624462153,1
1,0.6459031624462153,1
1,0.5339031624462153,1
1,0.5509031624462153,1
1,0.3469031624462153,1
1,0.4369031624462153,1
1,0.5589031624462153,1
1,0.6749031624462153,0
1,0.9069031624462154,1
1,0.9789031624462154,1
1,0.37990316244621525,1
1,0.4749031624462153,0
1,0.9649031624462154,1
1,0.6549031624462153,1
1,0.3709031624462153,0
1,0.46190316244621527,1
1,0.7139031624462153,0
1,0.7069031624462152,1
1,0.7489031624462152,0
1,0.6679031624462153,1
1,0.3459031624462153,1
1,0.7759031624462153,1
2,0.6482538472694166,0
2,0.6912538472694167,1
2,0.7762538472694167,0
2,0.6582538472694166,0
2,0.9082538472694168,0
2,0.5642538472694166,0
2,0.8252538472694166,0
2,0.6422538472694166,0
2,0.7132538472694167,0
2,1.2712538472694168,1
2,0.5712538472694166,0
2,0.5592538472694166,0
2,0.5432538472694166,0
2,0.9942538472694167,0
2,0.9502538472694166,0
2,0.7472538472694167,0
2,0.5572538472694166,0
2,1.0952538472694167,0
2,0.6812538472694167,1
2,0.9132538472694167,0
2,0.45625384726941665,1
2,0.7492538472694167,1
2,1.1442538472694168,0
2,0.6812538472694167,0
2,1.2112538472694168,1
2,0.9652538472694168,0
2,1.0572538472694166,0
2,1.0532538472694168,1
2,0.9272538472694167,0
2,0.9742538472694167,1
2,1.1522538472694168,1
2,0.8502538472694167,1
2,0.5862538472694167,1
2,0.8942538472694168,0
2,0.6392538472694167,0
2,0.7682538472694167,0
2,0.7892538472694166,0
2,1.1812538472694167,1
2,1.3392538472694167,1
2,0.5242538472694167,0
2,0.6082538472694167,1
2,0.9062538472694168,0
2,0.5942538472694167,0
2,0.6362538472694167,0
2,0.5332538472694166,0
2,0.6912538472694167,0
2,0.5602538472694167,0
2,1.2362538472694167,0
2,0.45025384726941664,0
2,0.7562538472694167,0
2,1.3452538472694167,1
2,0.9732538472694168,0
2,1.1222538472694168,0
2,0.5962538472694167,1
2,0.7052538472694166,0
2,0.7522538472694167,0
2,1.1862538472694166,0
2,0.6592538472694167,0
2,1.1512538472694167,1
2,0.6122538472694167,0
2,0.7362538472694167,0
2,0.7352538472694167,1
2,0.9892538472694168,0
2,0.8702538472694168,0
2,0.5842538472694166,1
2,0.8372538472694167,0
2,1.1002538472694168,1
2,0.8112538472694166,0
2,0.8992538472694167,1
2,0.6252538472694167,1
2,1.1372538472694167,0
2,0.7532538472694167,1
3,0.3182750228664507,0
3,0.3942750228664507,0
3,0.3292750228664507,0
3,0.2982750228664507,0
3,0.35227502286645074,0
3,0.34127502286645073,0
3,0.4262750228664507,0
3,0.3382750228664507,0
3,0.3332750228664507,0
3,0.28327502286645073,0
3,0.2752750228664507,0
3,0.47327502286645073,0
3,0.2662750228664507,0
3,0.3032750228664507,0
3,0.2652750228664507,0
3,0.2612750228664507,0
3,0.2612750228664507,1
3,0.2772750228664507,0
3,0.2732750228664507,0
3,0.36627502286645075,0
3,0.41027502286645073,0
3,0.3132750228664507,0
3,0.34327502286645073,1
3,0.3072750228664507,0
3,0.29627502286645074,0
3,0.3212750228664507,0
3,0.29127502286645074,0
3,0.4312750228664507,0
3,0.2722750228664507,0
3,0.2552750228664507,0
3,0.3072750228664507,0
3,0.37527502286645076,0
3,0.29427502286645074,0
3,0.35827502286645074,0
3,0.34227502286645073,1
3,0.5182750228664508,0
3,0.29627502286645074,0
3,0.35827502286645074,0
3,0.29427502286645074,0
3,0.6132750228664507,0
3,0.29427502286645074,0
3,0.2512750228664507,0
3,0.3302750228664507,0
3,0.34327502286645073,0
3,0.28427502286645073,1
3,0.28927502286645074,0
3,0.3122750228664507,0
3,0.29327502286645074,0
3,0.37527502286645076,0
3,0.2652750228664507,0
3,0.3002750228664507,0
3,0.2972750228664507,0
3,0.2682750228664507,0
3,0.3302750228664507,0
3,0.34427502286645073,0
3,0.3202750228664507,0
3,0.4212750228664507,0
3,0.3942750228664507,0
3,0.28427502286645073,0
3,0.3102750228664507,1
3,0.2992750228664507,0
3,0.2602750228664507,0
3,0.28027502286645073,0
3,0.2722750228664507,0
3,0.2772750228664507,0
3,0.28027502286645073,0
3,0.28227502286645073,0
3,0.28827502286645074,0
3,0.2692750228664507,0
3,0.3162750228664507,0
3,0.2622750228664507,0
3,0.48927502286645075,0
3,0.28027502286645073,0
3,0.37627502286645076,0
3,0.2682750228664507,0
3,0.2622750228664507,0
3,0.29427502286645074,0
3,0.2772750228664507,0
3,0.2572750228664507,0
3,0.28227502286645073,0
3,0.2692750228664507,0
3,0.3112750228664507,0
3,0.2702750228664507,0
3,0.2562750228664507,0
3,0.29427502286645074,0
3,0.3192750228664507,0
3,0.28027502286645073,0
3,0.48227502286645074,0
3,0.2682750228664507,0
3,0.2612750228664507,0
3,0.34927502286645074,0
3,0.4402750228664507,0
3,0.3242750228664507,0
3,0.34127502286645073,0
3,0.2782750228664507,1
3,0.3042750228664507,0
3,0.2622750228664507,0
3,0.2712750228664507,0
3,0.34527502286645073,0
3,0.3122750228664507,0
4,0.4414422591479088,1
4,0.3154422591479088,1
4,0.2944422591479088,1
4,0.3314422591479088,1
4,0.3674422591479088,1
4,0.3754422591479088,1
4,0.39644225914790876,1
4,0.3584422591479088,1
4,0.3204422591479088,1
4,0.3164422591479088,1
4,0.6154422591479087,1
4,0.3784422591479088,1
4,0.2904422591479088,1
4,0.2894422591479088,1
4,0.5004422591479087,1
4,0.3194422591479088,1
4,0.3494422591479088,1
4,0.4684422591479088,1
4,0.3654422591479088,1
4,0.27944225914790877,1
4,0.3244422591479088,1
4,0.3204422591479088,1
4,0.4544422591479088,1
4,0.3674422591479088,1
4,0.6154422591479087,1
4,0.3074422591479088,0
4,0.39644225914790876,1
4,0.3164422591479088,1
4,0.6084422591479088,1
4,0.4354422591479088,1
4,0.2964422591479088,1
4,0.7294422591479088,1
4,0.6514422591479088,1
4,0.28144225914790877,1
4,0.34744225914790877,1
4,0.6984422591479088,1
4,0.3014422591479088,1
4,0.3214422591479088,1
4,0.4704422591479088,1
4,0.2934422591479088,0
4,0.4654422591479088,1
4,0.39344225914790876,1
4,0.3754422591479088,1
4,0.3304422591479088,1
4,0.28444225914790877,1
4,0.4344422591479088,1
4,0.3784422591479088,1
4,0.3464422591479088,1
4,0.4264422591479088,1
4,0.3834422591479088,1
4,0.27544225914790876,1
4,0.8604422591479088,1
4,0.2984422591479088,1
4,0.4994422591479088,1
4,0.27844225914790877,1
4,0.3664422591479088,1
4,0.3794422591479088,1
4,0.4354422591479088,1
4,0.3244422591479088,1
4,0.3234422591479088,1
4,0.3184422591479088,1
4,0.3124422591479088,1
4,0.5964422591479088,1
4,0.4504422591479088,1
4,0.40444225914790877,1
4,0.3604422591479088,1
4,0.3324422591479088,1
4,0.5144422591479088,1
4,0.3854422591479088,1
4,0.5504422591479088,1
4,0.3624422591479088,1
4,0.3274422591479088,1
4,0.5654422591479088,1
4,0.3274422591479088,1
4,0.4704422591479088,1
4,0.3284422591479088,1
4,0.3584422591479088,1
4,0.3864422591479088,1
4,0.3204422591479088,1
4,0.3314422591479088,1
4,0.4414422591479088,1
4,0.6374422591479088,1
4,0.28244225914790877,1
4,0.2874422591479088,1
4,0.3484422591479088,1
4,0.3144422591479088,1
4,0.27444225914790876,1
4,0.3864422591479088,1
4,0.3394422591479088,1
4,0.3844422591479088,1
4,0.5594422591479088,1
4,0.39444225914790876,1
4,0.3864422591479088,1
4,0.3354422591479088,1
4,0.2984422591479088,1
4,0.3284422591479088,1
4,0.3694422591479088,1
4,0.3724422591479088,1
4,0.4454422591479088,1
4,0.5914422591479088,1
5,0.4625382006273806,1
5,0.9725382006273806,1
5,0.3915382006273806,1
5,0.9015382006273807,1
5,0.49353820062738063,1
5,0.6065382006273806,1
5,0.6925382006273806,1
5,0.8365382006273806,1
5,0.4515382006273806,1
5,1.0815382006273806,1
5,0.5095382006273806,1
5,0.4335382006273806,1
5,0.5255382006273807,1
5,0.3315382006273806,1
5,0.37053820062738063,1
5,0.5845382006273806,1
5,0.4565382006273806,1
5,0.5305382006273806,1
5,0.4885382006273806,1
5,0.5095382006273806,1
5,0.4415382006273806,1
5,0.42553820062738057,1
5,0.5395382006273806,1
5,0.6155382006273806,1
5,0.4055382006273806,1
5,0.4075382006273806,1
5,0.7585382006273806,1
5,0.9955382006273806,1
5,0.38153820062738064,1
5,0.4425382006273806,1
5,0.7305382006273806,1
5,0.41953820062738056,1
5,0.6515382006273807,1
5,0.4115382006273806,1
5,0.4635382006273806,1
5,0.4075382006273806,1
5,0.7815382006273807,1
5,0.7265382006273806,1
5,0.4695382006273806,1
5,0.49153820062738063,1
5,0.38153820062738064,1
5,0.6885382006273806,1
5,0.3605382006273806,1
5,0.4855382006273806,1
5,0.5675382006273806,1
5,0.5425382006273806,1
5,0.49253820062738063,1
5,0.6515382006273807,1
5,0.6435382006273807,1
5,0.5045382006273806,1
5,0.3985382006273806,1
5,0.5015382006273806,1
5,0.5715382006273806,1
5,0.3505382006273806,1
5,0.5675382006273806,1
5,1.0945382006273807,1
5,1.0625382006273807,1
5,0.9165382006273807,1
5,0.7875382006273807,1
5,0.37553820062738064,1
5,0.8715382006273806,1
5,0.6115382006273806,1
5,0.6515382006273807,1
5,0.5925382006273806,1
5,0.5135382006273806,1
5,0.4775382006273806,1
5,0.5025382006273806,1
5,0.6565382006273806,1
5,0.3125382006273806,1
5,0.4405382006273806,1
5,0.5005382006273806,1
5,0.5225382006273807,1
5,0.4795382006273806,1
5,0.3985382006273806,1
5,0.5945382006273806,1
5,0.8045382006273807,1
5,0.6155382006273806,1
5,0.3895382006273806,1
5,0.5995382006273806,1
5,0.9875382006273806,1
5,0.5165382006273807,1
5,0.6865382006273806,1
5,0.4715382006273806,1
5,0.6835382006273806,1
5,0.5505382006273806,1
5,0.5955382006273806,1
5,0.9205382006273807,1
5,0.6795382006273806,1
5,0.4355382006273806,1
5,0.36753820062738063,1
5,0.7105382006273806,1
5,0.7745382006273807,1
5,0.3565382006273806,1
5,0.4085382006273806,1
5,0.4535382006273806,1
5,0.4615382006273806,1
6,0.2780819111290275,0
6,0.20708191112902752,0
6,0.22408191112902753,0
6,0.23008191112902754,0
6,0.2650819111290275,0
6,0.28908191112902754,0
6,0.23508191112902754,0
6,0.36408191112902755,0
6,0.19508191112902754,0
6,0.3140819111290275,0
6,0.20908191112902752,0
6,0.23708191112902754,0
6,0.23408191112902754,0
6,0.21908191112902753,0
6,0.29108191112902754,0
6,0.20508191112902752,1
6,0.22708191112902754,0
6,0.36908191112902755,1
6,0.25308191112902756,0
6,0.3960819111290276,0
6,0.3250819111290275,1
6,0.21108191112902752,0
6,0.21108191112902752,0
6,0.2670819111290275,0
6,0.24208191112902755,0
6,0.19908191112902754,1
6,0.43908191112902756,0
6,0.23108191112902754,0
6,0.25308191112902756,0
6,0.38008191112902756,0
6,0.23408191112902754,0
6,0.23708191112902754,0
6,0.22808191112902754,0
6,0.2640819111290275,0
6,0.18508191112902753,0
6,0.35508191112902754,0
6,0.24108191112902755,0
6,0.28608191112902753,0
6,0.24608191112902753,0
6,0.20708191112902752,0
6,0.2710819111290275,0
6,0.22508191112902753,0
6,0.43508191112902755,0
6,0.28508191112902753,0
6,0.18508191112902753,0
6,0.3400819111290275,0
6,0.3100819111290275,0
6,0.24108191112902755,0
6,0.3090819111290275,0
6,0.37808191112902756,0
6,0.26208191112902757,0
6,0.24708191112902753,0
6,0.24908191112902753,0
6,0.36908191112902755,0
6,0.34708191112902753,0
6,0.19508191112902754,0
6,0.17308191112902754,0
6,0.25908191112902756,0
6,0.2730819111290275,0
6,0.42908191112902755,0
6,0.22208191112902753,1
6,0.3040819111290275,0
6,0.19608191112902754,1
6,0.25608191112902756,0
6,0.3130819111290275,0
6,0.37808191112902756,0
6,0.21208191112902752,0
6,0.4030819111290275,0
6,0.4020819111290275,0
6,0.2750819111290275,0
6,0.3070819111290275,0
6,0.19308191112902753,0
6,0.21008191112902752,0
6,0.37308191112902755,0
6,0.22708191112902754,0
6,0.19008191112902753,0
6,0.24408191112902755,0
6,0.3190819111290275,0
6,0.24008191112902755,0
6,0.3940819111290276,0
6,0.3950819111290276,0
6,0.21208191112902752,0
6,0.38808191112902757,0
6,0.2690819111290275,0
6,0.2780819111290275,0
6,0.3360819111290275,0
6,0.41308191112902753,0
6,0.21908191112902753,0
6,0.19808191112902754,0
6,0.18108191112902752,0
6,0.23408191112902754,0
6,0.20608191112902752,0
6,0.2660819111290275,0
6,0.22208191112902753,0
6,0.5360819111290276,0
6,0.21308191112902752,0
6,0.3150819111290275,0
6,0.28108191112902753,0
6,0.29108191112902754,0
6,0.5290819111290275,0
7,0.9171271397638332,0
7,0.6771271397638332,0
7,0.9061271397638333,0
7,0.6151271397638332,0
7,1.0381271397638332,0
7,0.5481271397638332,0
7,0.6901271397638332,0
7,0.4371271397638332,0
7,0.6351271397638332,0
7,0.8681271397638333,0
7,0.7861271397638332,0
7,1.2001271397638333,0
7,0.7101271397638331,0
7,0.5741271397638332,0
7,0.5071271397638332,0
7,0.6121271397638333,0
7,0.6851271397638332,0
7,0.6971271397638332,1
7,0.6631271397638332,0
7,0.9261271397638333,0
7,0.5191271397638332,0
7,1.2261271397638334,0
7,0.8541271397638333,0
7,0.5461271397638332,0
7,0.6431271397638332,0
7,0.7281271397638331,0
7,0.4191271397638332,0
7,0.7681271397638332,0
7,0.9271271397638332,0
7,0.7421271397638332,0
7,0.9451271397638332,1
7,0.4541271397638332,1
7,1.1661271397638333,1
7,0.48812713976383315,1
7,0.5521271397638332,0
7,1.1591271397638332,0
7,0.7541271397638332,0
7,0.4741271397638332,0
7,0.7951271397638333,0
7,0.5221271397638332,0
7,0.4271271397638332,0
7,1.1231271397638332,0
7,0.9071271397638332,0
7,0.7121271397638331,0
7,0.4771271397638332,0
7,0.7741271397638332,0
7,0.7201271397638331,0
7,1.0401271397638332,0
7,0.9681271397638334,0
7,0.5141271397638332,1
7,1.0261271397638332,0
7,0.5191271397638332,0
7,0.5621271397638332,0
7,1.2221271397638334,1
7,0.6361271397638332,0
7,1.1381271397638333,1
7,0.9721271397638334,1
7,0.9381271397638333,0
7,0.5451271397638332,0
7,0.4571271397638332,0
7,1.2741271397638332,0
7,0.8171271397638333,0
7,1.1291271397638332,0
7,0.6171271397638332,0
7,1.0311271397638333,1
7,0.5101271397638332,0
7,0.4841271397638332,0
7,0.8561271397638333,0
7,0.5921271397638332,0
7,0.4481271397638332,1
7,1.1211271397638332,1
7,0.8171271397638333,0
7,0.3931271397638332,0
7,0.8831271397638332,0
7,0.5231271397638332,1
7,0.4791271397638332,0
7,0.4091271397638332,1
7,1.1401271397638333,1
8,0.4227104704155149,1
8,0.4337104704155149,0
8,0.4327104704155149,1
8,0.39971047041551494,1
8,0.6737104704155149,0
8,0.5887104704155149,0
8,0.39971047041551494,0
8,0.506710470415515,1
8,0.5117104704155149,0
8,0.5717104704155149,0
8,0.45771047041551494,0
8,0.5417104704155149,1
8,0.39471047041551494,0
8,0.602710470415515,1
8,0.500710470415515,1
8,0.5247104704155149,1
8,0.4317104704155149,1
8,0.4117104704155149,0
8,0.4027104704155149,1
8,0.5847104704155149,0
8,0.5247104704155149,1
8,0.5277104704155149,1
8,0.4467104704155149,0
8,0.40071047041551494,1
8,0.4377104704155149,1
8,0.5297104704155149,0
8,0.4397104704155149,1
8,0.5057104704155149,0
8,0.4367104704155149,0
8,0.926710470415515,0
8,0.516710470415515,0
8,0.4097104704155149,0
8,0.516710470415515,0
8,0.5337104704155149,1
8,0.7987104704155149,1
8,0.983710470415515,0
8,0.510710470415515,1
8,0.6327104704155149,0
8,0.4447104704155149,1
8,0.592710470415515,1
8,0.4397104704155149,0
8,0.4277104704155149,0
8,0.5237104704155149,1
8,0.45371047041551493,1
8,0.4357104704155149,0
8,0.502710470415515,1
8,0.5707104704155149,1
8,0.4287104704155149,1
8,0.5797104704155149,0
8,0.4927104704155149,1
8,0.4227104704155149,1
8,0.500710470415515,1
8,0.45371047041551493,1
8,0.5547104704155149,0
8,0.4377104704155149,0
8,0.40171047041551494,1
8,0.4947104704155149,1
8,0.4167104704155149,1
8,0.4437104704155149,1
8,0.4317104704155149,1
8,0.5117104704155149,0
8,0.506710470415515,1
8,0.5697104704155149,1
8,0.47571047041551495,0
8,0.657710470415515,1
8,0.5747104704155149,1
8,0.514710470415515,0
8,0.4137104704155149,1
8,0.5617104704155149,0
8,0.40171047041551494,0
8,0.46571047041551494,1
8,0.39871047041551494,1
8,0.8017104704155149,0
8,0.633710470415515,0
8,0.4837104704155149,1
8,0.4367104704155149,0
8,0.5077104704155149,1
8,0.45071047041551493,0
8,0.38971047041551493,1
8,0.6887104704155149,0
8,0.5417104704155149,1
8,0.4077104704155149,1
8,0.4277104704155149,0
8,0.4247104704155149,1
8,0.500710470415515,1
8,0.4117104704155149,1
8,0.45571047041551493,0
8,0.4857104704155149,1
8,0.623710470415515,0
8,0.5867104704155149,0
8,0.8137104704155149,0
8,0.4187104704155149,0
8,0.5507104704155149,0
8,0.47671047041551495,1
8,0.5707104704155149,0
8,0.5217104704155149,0
8,0.4187104704155149,1
8,0.7027104704155149,0
8,0.5157104704155149,0
8,0.5337104704155149,1
9,0.34413463779680775,0
9,0.38713463779680773,0
9,0.26513463779680774,0
9,0.24213463779680772,0
9,0.5081346377968077,0
9,0.2811346377968077,0
9,0.4321346377968077,0
9,0.5441346377968077,0
9,0.23813463779680774,0
9,0.23313463779680774,0
9,0.26913463779680774,0
9,0.23813463779680774,0
9,0.5321346377968077,0
9,0.3071346377968077,0
9,0.2811346377968077,0
9,0.3161346377968077,0
9,0.40413463779680775,0
9,0.26113463779680773,0
9,0.2881346377968077,0
9,0.2901346377968077,0
9,0.34613463779680775,1
9,0.6391346377968078,0
9,0.21313463779680775,0
9,0.32013463779680773,0
9,0.26113463779680773,0
9,0.2811346377968077,0
9,0.24413463779680772,0
9,0.18313463779680772,0
9,0.40113463779680775,0
9,0.2981346377968077,0
9,0.23113463779680773,0
9,0.4941346377968077,0
9,0.9191346377968078,0
9,0.5151346377968078,0
9,0.3071346377968077,0
9,0.20913463779680774,0
9,0.21913463779680775,0
9,0.27313463779680774,0
9,0.8831346377968078,0
9,0.2971346377968077,0
9,0.2871346377968077,0
9,0.44513463779680773,0
9,0.27013463779680774,0
9,0.35713463779680776,0
9,0.21213463779680775,0
9,0.17413463779680774,0
9,0.34913463779680776,0
9,0.22413463779680773,0
9,0.3681346377968078,0
9,0.2921346377968077,0
9,0.32913463779680774,0
9,0.25513463779680773,0
9,0.25913463779680773,0
9,0.45413463779680774,0
9,0.35013463779680776,0
9,0.3731346377968078,0
9,0.22413463779680773,0
9,0.45013463779680774,0
9,0.48113463779680776,0
9,0.23613463779680774,0
9,0.34213463779680775,0
9,0.36613463779680777,0
9,0.41213463779680776,0
9,0.21113463779680774,0
9,0.20413463779680774,0
9,0.48313463779680776,0
9,0.21113463779680774,0
9,0.24013463779680774,0
9,0.25913463779680773,0
9,0.47713463779680776,0
9,0.32513463779680774,0
9,0.44713463779680773,0
9,0.32713463779680774,0
9,0.23013463779680773,0
9,0.5251346377968078,0
9,0.6081346377968078,0
9,0.38213463779680773,0
9,0.24213463779680772,0
9,0.47313463779680776,0
9,0.3041346377968077,0
9,0.18413463779680772,0
9,0.2831346377968077,0
9,0.5871346377968077,0
9,0.6541346377968078,0
9,0.26713463779680774,0
9,0.25613463779680773,0
9,0.3121346377968077,0
9,0.3161346377968077,0
9,0.5081346377968077,0
9,0.32613463779680774,0
9,0.26313463779680774,0
9,0.38413463779680773,0
9,0.27613463779680775,0
9,0.5981346377968078,0
9,0.2511346377968077,0
9,0.21913463779680775,0
9,0.2841346377968077,0
9,0.35213463779680776,0
9,0.22913463779680773,0
9,0.23113463779680773,0
10,0.9283509701492386,1
10,0.4223509701492385,1
10,0.5303509701492385,1
10,1.0373509701492387,1
10,0.47335097014923855,1
10,0.5223509701492386,0
10,0.5223509701492386,1
10,0.5943509701492384,1
10,0.6473509701492386,1
10,0.4253509701492385,1
10,0.3573509701492385,1
10,0.7083509701492385,1
10,0.3413509701492385,1
10,0.38435097014923847,1
10,0.2823509701492385,1
10,0.46535097014923854,1
10,0.6673509701492385,0
10,0.8943509701492386,1
10,0.4823509701492385,1
10,0.5383509701492385,1
10,0.5603509701492385,1
10,0.3733509701492385,1
10,0.3073509701492385,1
10,0.6763509701492385,1
10,0.8423509701492385,1
10,0.2963509701492385,0
10,0.33035097014923853,1
10,0.5713509701492385,1
10,0.47135097014923855,1
10,0.6663509701492385,1
10,0.5853509701492385,1
10,0.7403509701492386,0
10,0.5443509701492385,1
10,0.6693509701492385,1
10,0.3083509701492385,1
10,0.5283509701492385,1
10,0.6313509701492386,1
10,0.7653509701492386,1
10,0.4463509701492385,1
10,0.6253509701492386,1
10,0.7603509701492386,1
10,0.2943509701492385,1
10,0.4003509701492385,1
10,0.4793509701492385,1
10,0.9583509701492385,1
10,0.6443509701492385,1
10,0.38035097014923847,1
10,1.1723509701492385,1
10,0.47335097014923855,1
10,0.7813509701492386,1
10,0.5683509701492385,0
10,0.4083509701492385,1
10,0.46235097014923854,1
10,0.3423509701492385,0
10,0.4373509701492385,1
10,0.4763509701492385,1
10,0.3953509701492385,1
10,1.2143509701492385,0
10,0.4803509701492385,0
10,0.6243509701492385,1
10,0.3543509701492385,1
10,0.6373509701492386,1
10,0.7053509701492385,1
10,0.7773509701492386,1
10,0.8303509701492385,1
10,1.2023509701492385,0
10,0.6403509701492385,1
10,0.4293509701492385,1
10,0.38735097014923847,1
10,0.5263509701492385,1
10,0.3933509701492385,1
10,0.6783509701492385,1
10,0.9153509701492386,1
10,0.4373509701492385,1
10,0.3223509701492385,1
10,0.2933509701492385,1
10,0.4403509701492385,1
10,0.8393509701492385,1
10,0.4193509701492385,1
10,0.4443509701492385,1
10,0.6733509701492385,0
10,0.47335097014923855,1
10,0.9173509701492386,0
10,1.0803509701492384,1
10,0.5633509701492385,1
10,0.5773509701492385,1
10,0.33235097014923853,1
10,0.3573509701492385,0
10,0.7053509701492385,1
10,0.9913509701492386,1
10,0.4013509701492385,1
10,0.7603509701492386,1
10,0.5703509701492385,1
10,0.4263509701492385,1
10,0.4063509701492385,1
10,0.9853509701492386,1
11,0.21776381549074514,0
11,0.46176381549074513,0
11,0.45976381549074513,0
11,0.4327638154907451,0
11,0.22476381549074512,0
11,0.4507638154907451,0
11,0.33776381549074513,0
11,0.1877638154907451,0
11,0.5217638154907451,0
11,0.4037638154907451,0
11,0.3797638154907451,0
11,0.5497638154907452,0
11,0.2927638154907451,0
11,0.5117638154907451,0
11,0.28676381549074514,0
11,0.4407638154907451,0
11,0.20376381549074513,0
11,0.5527638154907452,0
11,0.6407638154907452,0
11,0.1817638154907451,0
11,0.2617638154907451,0
11,0.3067638154907451,0
11,0.2977638154907451,0
11,0.3207638154907451,0
11,0.21176381549074513,0
11,0.7007638154907452,0
11,0.4477638154907451,0
11,0.2617638154907451,0
11,0.2347638154907451,0
11,0.4477638154907451,0
11,0.1797638154907451,0
11,0.2537638154907451,0
11,0.28076381549074514,0
11,0.3577638154907451,0
11,0.2907638154907451,0
11,0.3117638154907451,0
11,0.4097638154907451,0
11,0.5657638154907452,0
11,0.3177638154907451,0
11,0.4037638154907451,0
11,0.1777638154907451,0
11,0.33076381549074513,0
11,0.2967638154907451,0
11,0.33076381549074513,1
11,0.4227638154907451,0
11,0.1887638154907451,0
11,0.3667638154907451,0
11,0.1827638154907451,0
11,0.6057638154907451,0
11,0.21076381549074513,0
11,0.34476381549074514,0
11,0.5277638154907451,0
11,0.3047638154907451,0
11,0.22476381549074512,0
11,0.28876381549074515,0
11,0.35276381549074515,0
11,0.4927638154907451,0
11,0.3857638154907451,0
11,0.39376381549074513,0
11,0.3177638154907451,0
11,0.4217638154907451,0
11,0.2637638154907451,0
11,0.28376381549074514,0
11,0.20676381549074513,0
11,0.28076381549074514,0
11,0.2487638154907451,0
11,0.3077638154907451,0
11,0.3037638154907451,0
11,0.28876381549074515,0
11,0.5397638154907451,0
11,0.4547638154907451,0
11,0.2667638154907451,0
11,0.2417638154907451,0
11,0.1767638154907451,0
11,0.4757638154907451,0
11,0.28176381549074514,0
11,0.14776381549074513,0
11,0.2447638154907451,0
11,0.4677638154907451,0
11,0.26976381549074513,0
11,0.3117638154907451,0
11,0.3627638154907451,0
11,0.6767638154907453,1
11,0.27276381549074513,0
11,0.4117638154907451,0
11,0.3137638154907451,0
11,0.2517638154907451,0
11,0.2647638154907451,0
11,0.3047638154907451,0
11,0.1857638154907451,0
11,0.3537638154907451,0
11,0.8797638154907452,1
11,0.7457638154907452,0
11,0.27476381549074513,0
11,0.6147638154907452,0
11,0.2947638154907451,0
11,0.15976381549074511,0
11,0.3617638154907451,0
11,0.28576381549074514,0
11,0.19076381549074511,0
12,0.5535231078045643,1
12,0.22052310780456413,1
12,0.13652310780456414,1
12,0.18852310780456413,1
12,0.11652310780456414,1
12,0.21552310780456413,1
12,0.15352310780456413,1
12,0.4185231078045642,1
12,0.5815231078045642,1
12,0.18452310780456413,1
12,0.4645231078045642,1
12,0.08452310780456414,1
12,0.07452310780456414,1
12,0.09652310780456413,1
12,0.21552310780456413,1
12,0.29352310780456414,1
12,0.5515231078045643,1
12,0.5385231078045642,0
12,0.23652310780456415,1
12,0.09752310780456414,1
12,0.22552310780456414,1
12,0.23552310780456415,1
12,0.2845231078045642,1
12,0.4165231078045642,1
12,0.15052310780456413,1
12,0.7665231078045642,1
12,0.6085231078045642,1
12,0.06752310780456414,1
12,0.42052310780456414,1
12,0.24352310780456413,1
12,0.43252310780456416,1
12,0.13952310780456414,1
12,0.36652310780456415,1
12,0.18152310780456413,0
12,0.18252310780456413,1
12,0.06952310780456414,1
12,0.14652310780456415,1
12,0.06552310780456413,1
12,0.2835231078045642,1
12,0.11752310780456414,1
12,0.14052310780456415,1
12,0.29552310780456414,1
12,0.5135231078045642,1
12,0.3285231078045642,1
12,0.17752310780456415,1
12,0.25952310780456417,1
12,0.13152310780456414,1
12,0.3435231078045642,1
12,0.3445231078045642,1
12,0.4155231078045642,1
12,0.11752310780456414,1
12,0.22152310780456413,1
12,0.36252310780456415,1
12,0.3385231078045642,1
12,0.8595231078045642,1
12,0.5025231078045641,1
12,0.3395231078045642,1
12,0.18852310780456413,1
12,0.30752310780456416,1
12,0.08252310780456414,1
12,0.10252310780456414,1
12,0.42252310780456415,1
12,0.5065231078045642,1
12,0.18652310780456413,1
12,0.29552310780456414,1
12,0.10252310780456414,1
12,0.37452310780456416,1
12,0.3275231078045642,1
12,0.21052310780456415,1
12,0.16952310780456414,1
12,0.6435231078045642,1
12,0.14752310780456415,1
12,0.36152310780456415,1
12,0.36352310780456415,1
12,0.48452310780456415,1
12,0.09052310780456414,1
12,0.09352310780456413,1
12,0.25752310780456417,1
12,0.35852310780456415,1
12,0.17352310780456415,1
12,0.08052310780456413,1
12,0.5335231078045642,1
12,0.4535231078045642,1
12,0.3545231078045642,1
12,0.4785231078045642,1
12,0.06852310780456414,1
12,0.24852310780456413,1
12,0.08252310780456414,1
12,0.3985231078045642,1
12,0.31452310780456416,1
12,0.29752310780456415,1
12,0.6045231078045642,1
12,0.6005231078045642,0
12,0.13352310780456414,1
12,0.22252310780456414,1
13,0.5137346597758601,0
13,0.8477346597758602,1
13,0.7607346597758602,0
13,1.0167346597758602,0
13,1.1347346597758603,1
13,0.3087346597758601,1
13,0.6357346597758602,0
13,0.5927346597758602,0
13,0.5297346597758601,1
13,0.4857346597758601,1
13,0.7197346597758603,0
13,0.9437346597758602,1
13,0.35673465977586016,0
13,0.7807346597758602,1
13,0.32173465977586013,1
13,0.9917346597758603,1
13,0.9287346597758601,1
13,0.8787346597758603,1
13,0.4197346597758601,0
13,0.9477346597758602,0
13,0.9067346597758601,1
13,0.8897346597758602,0
13,0.4967346597758601,1
13,0.45573465977586014,1
13,0.6867346597758601,1
13,0.5487346597758601,1
13,0.32273465977586013,0
13,0.8677346597758602,1
13,0.5907346597758601,1
13,0.5227346597758602,1
13,0.7107346597758601,0
13,0.32873465977586014,0
13,0.7617346597758601,1
13,1.0227346597758602,0
13,0.6307346597758601,0
13,0.6387346597758601,1
13,0.5917346597758602,0
13,0.9257346597758602,0
13,0.8367346597758603,1
13,0.4967346597758601,1
13,1.0467346597758602,0
13,0.3687346597758601,1
13,0.8767346597758603,1
13,0.5017346597758601,0
13,1.1367346597758603,0
13,0.31973465977586013,1
13,0.33973465977586015,0
13,0.6487346597758601,1
13,0.6757346597758601,0
13,1.0307346597758602,1
13,0.9957346597758603,0
13,0.9737346597758603,0
13,1.0567346597758602,1
13,0.9917346597758603,0
13,0.5127346597758602,1
13,0.6887346597758601,0
13,0.6207346597758601,0
13,0.35673465977586016,0
13,0.4207346597758601,1
13,0.4057346597758601,0
13,0.4127346597758601,0
13,0.6367346597758601,0
13,1.1167346597758603,0
13,0.6197346597758602,0
13,1.0497346597758601,0
13,0.5307346597758602,0
13,0.4867346597758601,0
13,0.33873465977586015,1
14,0.707261595427355,0
14,0.7452615954273549,1
14,1.179261595427355,0
14,1.2272615954273551,0
14,0.449261595427355,0
14,0.691261595427355,0
14,1.162261595427355,0
14,0.437261595427355,0
14,0.576261595427355,0
14,0.9072615954273551,0
14,0.6082615954273549,0
14,0.48126159542735497,1
14,0.9392615954273551,0
14,0.490261595427355,0
14,0.912261595427355,0
14,0.567261595427355,1
14,0.9512615954273551,0
14,0.548261595427355,0
14,0.694261595427355,0
14,0.559261595427355,0
14,0.718261595427355,0
14,0.8142615954273551,0
14,0.515261595427355,0
14,1.009261595427355,0
14,0.40426159542735496,0
14,0.446261595427355,1
14,0.597261595427355,0
14,0.8362615954273551,0
14,0.563261595427355,0
14,0.499261595427355,0
14,1.181261595427355,0
14,0.565261595427355,1
14,0.469261595427355,1
14,0.5942615954273549,0
14,1.264261595427355,0
14,0.660261595427355,0
14,0.8662615954273551,0
14,0.591261595427355,0
14,0.461261595427355,0
14,0.8362615954273551,0
14,1.054261595427355,1
14,0.487261595427355,0
14,0.9432615954273551,0
14,0.557261595427355,0
14,0.615261595427355,0
14,1.017261595427355,0
14,0.6452615954273551,0
14,0.926261595427355,1
14,0.475261595427355,0
14,0.950261595427355,0
14,0.703261595427355,0
14,0.455261595427355,1
14,0.449261595427355,0
14,0.432261595427355,1
14,0.518261595427355,0
14,0.518261595427355,0
14,0.471261595427355,0
14,0.421261595427355,0
14,0.703261595427355,0
14,0.389261595427355,0
14,0.9172615954273551,0
14,0.887261595427355,1
14,0.471261595427355,0
14,0.6062615954273549,0
14,0.573261595427355,0
14,0.7412615954273549,0
14,0.388261595427355,0
14,0.6392615954273551,0
14,0.787261595427355,0
14,0.835261595427355,0
14,0.972261595427355,0
14,0.605261595427355,1
14,0.615261595427355,1
14,0.797261595427355,0
14,0.657261595427355,0
14,0.7682615954273551,1
14,0.9712615954273551,0
14,0.609261595427355,1
14,0.7412615954273549,0
14,0.5122615954273549,0
14,0.575261595427355,0
14,0.6142615954273549,1
14,0.877261595427355,1
14,0.712261595427355,0
14,0.526261595427355,0
14,0.470261595427355,0
14,0.8322615954273551,0
14,0.420261595427355,0
14,0.930261595427355,1
14,0.439261595427355,0
15,0.5103754731484809,1
15,0.4493754731484809,0
15,0.39837547314848093,1
15,0.511375473148481,1
15,0.5583754731484809,1
15,0.34537547314848094,1
15,0.4263754731484809,1
15,0.8773754731484811,1
15,0.39637547314848093,1
15,0.5543754731484809,1
15,0.3723754731484809,1
15,0.39837547314848093,1
15,0.7383754731484808,1
15,0.527375473148481,1
15,0.35337547314848095,1
15,0.3883754731484809,1
15,0.3753754731484809,1
15,0.5043754731484809,1
15,0.40637547314848094,1
15,0.4393754731484809,1
15,0.3653754731484809,1
15,0.47537547314848094,0
15,0.3863754731484809,1
15,0.3673754731484809,1
15,0.48037547314848095,0
15,0.3703754731484809,1
15,0.35237547314848094,1
15,0.3953754731484809,1
15,0.3643754731484809,1
15,0.5813754731484809,1
15,0.47437547314848094,1
15,0.4143754731484809,1
15,0.35637547314848095,1
15,0.35537547314848095,1
15,0.3633754731484809,1
15,0.39837547314848093,1
15,0.3953754731484809,1
15,0.3623754731484809,1
15,0.3953754731484809,1
15,0.48337547314848095,1
15,0.47437547314848094,1
15,0.3803754731484809,1
15,0.3633754731484809,1
15,0.4333754731484809,1
15,0.4223754731484809,1
15,0.47737547314848094,1
15,0.40837547314848094,1
15,0.47537547314848094,1
15,0.607375473148481,1
15,0.4363754731484809,1
15,0.48337547314848095,1
15,0.49137547314848096,1
15,0.46837547314848094,1
15,0.4113754731484809,1
15,0.3613754731484809,1
15,0.4233754731484809,1
15,0.4583754731484809,1
15,0.46637547314848093,1
15,0.3773754731484809,1
15,0.7383754731484808,1
15,0.3913754731484809,1
15,0.35437547314848095,1
15,0.4383754731484809,0
15,0.4443754731484809,1
15,0.40837547314848094,1
15,0.46337547314848093,1
15,0.4573754731484809,1
15,0.49437547314848096,1
15,0.5773754731484809,1
15,0.4983754731484809,1
15,0.4153754731484809,1
15,0.3663754731484809,0
15,0.4483754731484809,1
15,0.4253754731484809,1
15,0.3913754731484809,1
15,0.3783754731484809,1
15,0.4173754731484809,1
15,0.4493754731484809,1
15,0.3893754731484809,1
15,0.4413754731484809,1
15,0.5743754731484809,1
15,0.45937547314848093,1
15,0.509375473148481,1
15,0.4163754731484809,1
15,0.4323754731484809,1
15,0.47837547314848095,0
15,0.4313754731484809,1
15,0.34837547314848094,1
15,0.48237547314848095,1
15,0.5543754731484809,1
15,0.3953754731484809,0
15,0.4583754731484809,1
15,0.48137547314848095,1
15,0.46737547314848094,1
15,0.3643754731484809,1
15,0.5083754731484809,1
15,0.35337547314848095,1
15,0.35737547314848095,0
15,0.3893754731484809,0
15,0.3923754731484809,1
16,0.6579695374338178,1
16,0.8809695374338178,1
16,1.0119695374338178,1
16,0.8649695374338178,1
16,0.36096953743381777,1
16,1.054969537433818,1
16,0.47296953743381775,1
16,0.6519695374338178,1
16,0.4269695374338178,1
16,0.3839695374338178,1
16,0.5399695374338178,1
16,0.5619695374338178,1
16,0.5209695374338178,0
16,1.1139695374338179,1
16,0.7739695374338178,1
16,0.5079695374338178,1
16,0.44096953743381784,1
16,0.5819695374338177,1
16,0.8979695374338178,1
16,0.4059695374338178,1
16,0.6109695374338178,1
16,1.0819695374338179,1
16,0.3769695374338178,1
16,0.45396953743381774,1
16,0.6679695374338178,1
16,0.3979695374338178,1
16,0.6309695374338178,1
16,0.7779695374338178,1
16,0.6269695374338178,0
16,0.6459695374338178,1
16,0.6219695374338178,1
16,0.3929695374338178,1
16,1.080969537433818,0
16,0.44096953743381784,1
16,0.6339695374338178,0
16,0.4029695374338178,1
16,0.7769695374338178,1
16,1.0759695374338178,1
16,0.7319695374338178,1
16,0.9569695374338179,1
16,0.45396953743381774,1
16,0.6669695374338178,1
16,0.7809695374338178,1
16,0.5869695374338177,1
16,1.0879695374338179,1
16,0.6589695374338178,0
16,0.3239695374338178,1
16,0.3719695374338178,0
16,0.34996953743381776,1
16,0.47896953743381776,1
16,0.3949695374338178,1
16,0.3119695374338178,1
16,0.7519695374338178,1
16,0.9369695374338178,1
16,0.36396953743381777,1
16,0.45096953743381774,1
16,0.6519695374338178,1
16,0.3759695374338178,1
16,0.47896953743381776,0
16,0.5739695374338177,1
16,0.6699695374338178,1
16,1.0219695374338178,1
16,0.3949695374338178,0
16,1.0279695374338178,1
16,0.8979695374338178,0
16,0.49096953743381777,1
16,0.5799695374338177,1
16,0.44096953743381784,1
16,0.9529695374338178,1
16,1.010969537433818,0
16,0.5099695374338178,1
16,0.9899695374338178,1
16,0.9249695374338178,1
16,0.7929695374338178,1
16,0.4069695374338178,1
16,0.5519695374338178,1
17,0.03778528877897533,1
17,0.20678528877897534,1
17,0.03778528877897533,1
17,0.04178528877897533,0
17,0.23178528877897533,1
17,0.08578528877897533,1
17,0.15078528877897535,0
17,0.08578528877897533,1
17,0.19378528877897533,1
17,0.11778528877897533,0
17,0.19478528877897533,1
17,0.13378528877897533,0
17,0.12178528877897533,1
17,0.09378528877897532,1
17,0.14178528877897534,1
17,0.05678528877897533,1
17,0.18578528877897535,0
17,0.03178528877897533,1
17,0.05278528877897533,1
17,0.08578528877897533,1
17,0.05478528877897533,1
17,0.05778528877897533,1
17,0.11078528877897532,1
17,0.12178528877897533,1
17,0.15478528877897535,1
17,0.10878528877897532,0
17,0.14578528877897534,1
17,0.11078528877897532,1
17,0.25978528877897533,1
17,0.08778528877897533,1
17,0.11878528877897533,1
17,0.16278528877897533,1
17,0.04678528877897533,1
17,0.12578528877897532,1
17,0.04478528877897533,0
17,0.22378528877897536,0
17,0.11578528877897533,0
17,0.047785288778975324,1
17,0.14278528877897534,1
17,0.05478528877897533,1
17,0.11278528877897533,1
17,0.060785288778975335,1
17,0.19778528877897533,0
17,0.047785288778975324,1
17,0.10378528877897533,0
17,0.21778528877897535,1
17,0.04578528877897533,1
17,0.07978528877897532,1
17,0.26478528877897534,0
17,0.05478528877897533,0
17,0.13878528877897534,1
17,0.09478528877897532,1
17,0.058785288778975334,1
17,0.18878528877897535,1
17,0.10378528877897533,0
17,0.07778528877897532,1
17,0.060785288778975335,1
17,0.12678528877897532,1
17,0.03778528877897533,1
17,0.13278528877897533,0
17,0.049785288778975326,1
17,0.09878528877897533,1
17,0.09778528877897533,1
17,0.06178528877897532,0
17,0.16378528877897533,1
17,0.11378528877897533,0
17,0.39778528877897534,1
17,0.07678528877897534,1
17,0.10778528877897532,1
17,0.08678528877897533,0
17,0.11978528877897533,0
17,0.13478528877897533,1
17,0.08878528877897533,0
17,0.42378528877897537,1
17,0.17778528877897534,1
17,0.13878528877897534,1
17,0.35378528877897536,1
17,0.19778528877897533,1
17,0.13278528877897533,1
17,0.22478528877897536,0
17,0.09178528877897532,1
17,0.14978528877897535,1
17,0.15078528877897535,1
17,0.15878528877897535,1
17,0.07978528877897532,1
17,0.18778528877897535,1
17,0.22478528877897536,1
17,0.07378528877897533,1
17,0.14978528877897535,1
17,0.17578528877897534,0
17,0.11778528877897533,1
17,0.10778528877897532,0
17,0.058785288778975334,1
17,0.14578528877897534,0
17,0.04178528877897533,0
17,0.11978528877897533,1
17,0.12578528877897532,0
17,0.10578528877897532,0
17,0.07478528877897533,1
17,0.12178528877897533,1
18,0.3350620716397871,1
18,0.26906207163978707,1
18,0.25206207163978706,1
18,0.22706207163978703,1
18,0.37206207163978705,1
18,0.26606207163978707,1
18,0.36006207163978704,1
18,0.30706207163978705,1
18,0.25806207163978706,1
18,0.274062071639787,1
18,0.30506207163978705,1
18,0.4740620716397871,1
18,0.25806207163978706,1
18,0.31306207163978705,1
18,0.26606207163978707,1
18,0.25206207163978706,1
18,0.270062071639787,1
18,0.273062071639787,1
18,0.3530620716397871,1
18,0.3400620716397871,1
18,0.23506207163978704,1
18,0.3440620716397871,1
18,0.30306207163978705,1
18,0.28906207163978703,1
18,0.23806207163978704,1
18,0.29006207163978703,1
18,0.25406207163978706,1
18,0.3350620716397871,1
18,0.26106207163978706,1
18,0.26806207163978707,1
18,0.23006207163978704,1
18,0.29606207163978704,0
18,0.30906207163978705,1
18,0.23006207163978704,1
18,0.31206207163978705,1
18,0.26006207163978706,1
18,0.281062071639787,1
18,0.32906207163978707,1
18,0.25306207163978706,1
18,0.23206207163978704,0
18,0.4640620716397871,1
18,0.24706207163978705,1
18,0.25406207163978706,1
18,0.32106207163978706,1
18,0.26706207163978707,1
18,0.23006207163978704,1
18,0.28406207163978703,1
18,0.25706207163978706,1
18,0.23406207163978704,1
18,0.280062071639787,1
18,0.29806207163978704,1
18,0.401062071639787,1
18,0.28506207163978703,1
18,0.30006207163978704,0
18,0.26606207163978707,1
18,0.24906207163978705,1
18,0.26506207163978707,1
18,0.24506207163978705,1
18,0.23406207163978704,1
18,0.271062071639787,1
18,0.30606207163978705,1
18,0.24006207163978704,1
18,0.28406207163978703,1
18,0.31006207163978705,0
18,0.24006207163978704,0
18,0.24406207163978705,1
18,0.270062071639787,1
18,0.29506207163978704,1
18,0.36106207163978704,0
18,0.526062071639787,1
18,0.31506207163978706,1
18,0.391062071639787,1
18,0.30506207163978705,1
18,0.28706207163978703,1
18,0.24306207163978705,1
18,0.22606207163978703,1
18,0.25506207163978706,0
18,0.24906207163978705,1
18,0.22406207163978706,1
18,0.23706207163978704,1
18,0.31806207163978706,0
18,0.29506207163978704,1
18,0.26606207163978707,0
18,0.23606207163978704,1
18,0.4960620716397871,1
18,0.25306207163978706,1
18,0.3370620716397871,1
18,0.45306207163978707,1
18,0.29506207163978704,1
18,0.515062071639787,1
18,0.31706207163978706,1
18,0.26306207163978707,1
18,0.29206207163978704,1
18,0.24206207163978705,1
18,0.31106207163978705,1
18,0.24006207163978704,1
18,0.24006207163978704,1
18,0.32606207163978707,1
18,0.25106207163978705,0
18,0.37806207163978706,1
19,0.22715435397452416,0
19,0.19015435397452418,0
19,0.16615435397452416,0
19,0.21515435397452415,0
19,0.27415435397452415,1
19,0.39315435397452414,0
19,0.23215435397452416,0
19,0.42215435397452417,0
19,0.39815435397452414,0
19,0.16215435397452416,0
19,0.24715435397452418,0
19,0.21515435397452415,0
19,0.3131543539745242,0
19,0.19115435397452418,0
19,0.18315435397452418,0
19,0.20315435397452417,0
19,0.4811543539745242,0
19,0.19015435397452418,0
19,0.3771543539745242,0
19,0.27415435397452415,0
19,0.4311543539745242,0
19,0.5921543539745242,0
19,0.22815435397452416,0
19,0.30115435397452417,1
19,0.18615435397452418,0
19,0.20815435397452417,1
19,0.24515435397452418,1
19,0.19215435397452416,0
19,0.20815435397452417,0
19,0.3191543539745242,1
19,0.3441543539745242,0
19,0.3151543539745242,0
19,0.5891543539745242,0
19,0.24415435397452417,0
19,0.24315435397452417,0
19,0.4341543539745242,0
19,0.4941543539745241,0
19,0.4801543539745242,1
19,0.27615435397452415,0
19,0.5011543539745241,0
19,0.7341543539745242,0
19,0.24415435397452417,0
19,0.22315435397452416,0
19,0.28815435397452416,0
19,0.6171543539745242,0
19,0.3691543539745242,0
19,0.35315435397452416,0
19,0.21215435397452415,0
19,0.27515435397452415,0
19,0.21815435397452415,0
19,0.20915435397452417,0
19,0.27715435397452415,0
19,0.4511543539745242,1
19,0.3361543539745242,0
19,0.18515435397452418,0
19,0.19615435397452416,0
19,0.23315435397452416,0
19,0.4741543539745242,0
19,0.3261543539745242,0
19,0.28715435397452416,1
19,0.40015435397452415,1
19,0.26515435397452414,1
19,0.17215435397452417,0
19,0.29415435397452416,0
19,0.20115435397452416,0
19,0.4321543539745242,0
19,0.40615435397452415,0
19,0.38515435397452413,0
19,0.20415435397452417,0
19,0.18715435397452418,0
19,0.2541543539745242,0
19,0.4971543539745241,0
19,0.26315435397452414,0
19,0.27515435397452415,0
19,0.3331543539745242,0
19,0.2531543539745242,0
19,0.3361543539745242,0
19,0.19115435397452418,0
19,0.4431543539745242,0
19,0.19515435397452416,0
19,0.20015435397452416,1
19,0.3081543539745242,0
19,0.28715435397452416,0
19,0.20615435397452417,0
19,0.24115435397452417,1
19,0.2571543539745242,0
19,0.19915435397452416,0
19,0.2571543539745242,0
19,0.27015435397452414,0
19,0.18615435397452418,0
19,0.23815435397452417,0
19,0.3761543539745242,0
19,0.22815435397452416,0
19,0.24815435397452418,0
19,0.2531543539745242,0
19,0.24915435397452418,0
19,0.20215435397452416,0
19,0.41215435397452416,0
19,0.20815435397452417,0
19,0.4861543539745242,0
20,0.1384806861974916,1
20,0.3804806861974916,1
20,0.09548068619749159,1
20,0.3974806861974916,1
20,0.24548068619749158,1
20,0.20448068619749157,0
20,0.1394806861974916,1
20,0.1304806861974916,1
20,0.18348068619749158,1
20,0.19748068619749157,1
20,0.11048068619749157,1
20,0.3124806861974916,1
20,0.3924806861974916,1
20,0.6404806861974917,1
20,0.5394806861974917,1
20,0.2884806861974916,1
20,0.1384806861974916,1
20,0.3124806861974916,1
20,0.3824806861974916,1
20,0.20948068619749158,1
20,0.2574806861974916,1
20,0.30648068619749164,1
20,0.3364806861974916,1
20,0.6954806861974917,1
20,0.14648068619749158,1
20,0.2204806861974916,1
20,0.1294806861974916,1
20,0.16848068619749157,1
20,0.0704806861974916,1
20,0.17748068619749158,1
20,0.2744806861974916,1
20,0.2884806861974916,1
20,0.1564806861974916,1
20,0.1324806861974916,1
20,0.17748068619749158,1
20,0.11248068619749158,1
20,0.22948068619749157,1
20,0.4144806861974916,1
20,0.5594806861974917,1
20,0.1614806861974916,1
20,0.49248068619749163,1
20,0.4424806861974916,1
20,0.1384806861974916,1
20,0.2744806861974916,1
20,0.23248068619749157,1
20,0.3924806861974916,1
20,0.5224806861974917,1
20,0.48548068619749163,1
20,0.29748068619749163,1
20,0.24648068619749158,1
20,0.1604806861974916,1
20,0.37148068619749164,1
20,0.12348068619749158,1
20,0.23548068619749157,1
20,0.4114806861974916,1
20,0.2964806861974916,1
20,0.42948068619749163,1
20,0.17248068619749157,1
20,0.3464806861974916,1
20,0.4414806861974916,1
20,0.15448068619749158,1
20,0.3884806861974916,1
20,0.24348068619749158,1
20,0.1614806861974916,1
20,0.16648068619749157,1
20,0.2744806861974916,1
20,0.30548068619749164,1
20,0.2934806861974916,1
20,0.4084806861974916,1
20,0.5594806861974917,1
20,0.2284806861974916,1
20,0.08748068619749158,1
20,0.14548068619749158,1
20,0.15548068619749159,1
20,0.5624806861974917,1
20,0.3224806861974916,1
20,0.19948068619749157,1
20,0.23648068619749157,1
20,0.4544806861974916,1
20,0.2254806861974916,1
20,0.1574806861974916,1
20,0.19848068619749157,1
20,0.49448068619749164,1
20,0.15148068619749158,1
20,0.3114806861974916,1
20,0.30848068619749164,1
20,0.5084806861974915,1
20,0.2604806861974916,1
20,0.20648068619749158,1
20,0.23448068619749157,1
20,0.16848068619749157,1
20,0.10148068619749159,1
20,0.09548068619749159,1
20,0.24448068619749158,1
20,0.7894806861974917,1
20,0.2604806861974916,1
20,0.16948068619749157,1
20,0.6684806861974917,1
20,0.3384806861974916,1
20,0.4514806861974916,1
21,0.30785847598919613,0
21,0.32585847598919615,0
21,1.1138584759891963,0
21,0.44785847598919615,0
21,0.4938584759891961,0
21,0.7288584759891962,0
21,0.44985847598919615,0
21,0.3868584759891961,0
21,0.5348584759891961,0
21,0.7058584759891962,0
21,0.7058584759891962,0
21,0.5028584759891961,0
21,0.5638584759891961,0
21,0.9958584759891962,1
21,0.3878584759891961,0
21,0.5338584759891961,0
21,0.36185847598919607,0
21,0.3948584759891961,0
21,0.7648584759891961,0
21,0.47985847598919606,1
21,0.5848584759891962,0
21,0.5268584759891961,0
21,0.31085847598919614,0
21,0.4178584759891961,0
21,0.5328584759891961,0
21,0.2508584759891961,0
21,0.2548584759891961,0
21,0.4158584759891961,0
21,0.22485847598919612,1
21,0.8628584759891962,0
21,0.4008584759891961,0
21,0.7268584759891962,0
21,0.3898584759891961,0
21,0.5058584759891961,0
21,0.43185847598919613,0
21,0.30785847598919613,0
21,0.3448584759891961,1
21,0.31685847598919614,0
21,0.6408584759891961,0
21,0.5728584759891961,0
21,0.4128584759891961,0
21,0.43185847598919613,0
21,0.5158584759891961,0
21,0.7788584759891961,0
21,0.5138584759891961,0
21,0.3688584759891961,1
21,0.45785847598919616,0
21,0.5078584759891961,0
21,0.5098584759891961,1
21,0.4068584759891961,0
21,0.7348584759891962,0
21,1.0748584759891961,0
21,1.0368584759891961,0
21,0.7528584759891962,0
21,0.45285847598919615,0
21,0.5598584759891961,0
21,0.4238584759891961,0
21,0.5198584759891961,0
21,0.5268584759891961,0
21,0.5108584759891961,0
21,0.5808584759891962,0
21,0.43785847598919614,1
21,0.2968584759891961,0
21,0.45985847598919616,1
21,0.44785847598919615,0
21,0.6088584759891961,0
21,1.0878584759891963,0
21,0.9258584759891961,0
21,0.36085847598919607,0
21,0.2968584759891961,0
21,0.2528584759891961,0
21,1.1238584759891963,0
21,0.3458584759891961,0
21,0.6028584759891961,1
21,0.3488584759891961,0
21,0.42885847598919613,0
21,0.2908584759891961,0
21,0.3888584759891961,0
21,0.3818584759891961,0
21,0.3418584759891961,0
21,0.3748584759891961,0
21,0.5338584759891961,0
21,0.4898584759891961,0
21,0.2828584759891961,1
21,0.8608584759891962,0
21,0.43285847598919613,0
21,0.3578584759891961,0
21,0.3738584759891961,0
21,0.8148584759891961,0
21,0.42785847598919613,1
21,1.1378584759891963,0
21,0.3428584759891961,0
21,0.3708584759891961,0
21,0.6828584759891961,0
22,0.3233807715272938,1
22,0.3303807715272938,1
22,0.49038077152729376,1
22,0.5743807715272937,1
22,0.35538077152729375,1
22,1.1363807715272938,1
22,0.4103807715272938,1
22,0.36238077152729375,0
22,0.3453807715272938,1
22,1.078380771527294,0
22,0.9893807715272938,1
22,0.6253807715272938,1
22,0.5363807715272938,1
22,0.4033807715272938,0
22,0.838380771527294,1
22,0.4023807715272938,1
22,0.31038077152729376,0
22,0.3893807715272938,1
22,0.31638077152729377,1
22,0.3503807715272938,1
22,0.4463807715272938,1
22,0.7053807715272937,1
22,0.35538077152729375,0
22,0.37738077152729377,1
22,0.4723807715272938,1
22,0.7233807715272937,1
22,0.5143807715272938,1
22,0.31838077152729377,1
22,0.6133807715272939,1
22,0.9493807715272939,1
22,0.4573807715272938,1
22,0.36238077152729375,0
22,0.30638077152729376,0
22,0.6713807715272938,1
22,0.37538077152729377,1
22,0.3503807715272938,0
22,0.36638077152729376,1
22,0.3373807715272938,0
22,0.44438077152729377,1
22,0.36438077152729376,1
22,0.3393807715272938,1
22,0.9493807715272939,1
22,0.3883807715272938,1
22,0.35638077152729375,1
22,0.7863807715272939,1
22,0.8533807715272939,0
22,0.4243807715272938,1
22,0.5183807715272938,1
22,0.6113807715272939,0
22,0.4033807715272938,1
22,0.30838077152729376,1
22,0.4483807715272938,1
22,0.7023807715272938,0
22,0.36638077152729376,1
22,0.7413807715272938,1
22,0.5583807715272937,0
22,0.4503807715272938,1
22,0.3503807715272938,0
22,0.6733807715272938,1
22,0.47838077152729375,1
22,0.4513807715272938,0
22,0.6103807715272938,1
22,0.30538077152729376,1
22,0.7023807715272938,0
22,0.6593807715272938,1
22,0.49438077152729376,1
22,0.4033807715272938,1
22,0.37338077152729376,0
22,0.36738077152729376,0
22,0.6593807715272938,1
22,0.3973807715272938,1
22,0.5633807715272938,0
22,0.3493807715272938,0
22,0.5813807715272938,1
22,0.3903807715272938,0
22,0.3503807715272938,1
22,0.3023807715272938,1
22,0.7453807715272938,1
22,0.3423807715272938,0
22,0.3313807715272938,0
22,0.4063807715272938,1
22,0.4203807715272938,1
22,0.5963807715272937,1
22,1.2143807715272938,1
22,0.36938077152729376,0
22,0.36438077152729376,0
22,0.6463807715272938,1
22,0.5013807715272938,1
22,0.7763807715272939,1
22,1.1093807715272939,1
22,0.6703807715272938,1
22,0.3333807715272938,0
22,0.8053807715272938,1
22,0.4413807715272938,1
22,0.5133807715272938,1
22,0.3273807715272938,1
22,0.4093807715272938,1
22,0.30838077152729376,1
22,0.38138077152729377,0
22,0.5723807715272937,1
23,0.4181024011953042,0
23,0.7081024011953042,0
23,0.4601024011953042,0
23,0.3681024011953042,0
23,0.8131024011953043,0
23,1.0381024011953044,0
23,0.5191024011953043,0
23,0.8331024011953042,0
23,0.5011024011953042,0
23,0.8651024011953042,0
23,0.5081024011953041,0
23,0.5011024011953042,0
23,0.9531024011953043,0
23,0.8111024011953043,0
23,0.8521024011953042,0
23,0.5561024011953042,0
23,0.3841024011953042,0
23,0.40110240119530416,0
23,0.4561024011953042,0
23,0.7421024011953041,0
23,0.5211024011953043,0
23,0.5301024011953042,0
23,0.6061024011953042,0
23,0.3611024011953042,0
23,0.6021024011953042,0
23,0.7111024011953042,0
23,0.4311024011953042,0
23,0.5441024011953042,0
23,0.4401024011953042,0
23,0.6351024011953041,0
23,0.9401024011953043,0
23,0.40410240119530416,0
23,0.3761024011953042,0
23,0.6051024011953041,0
23,0.9501024011953043,0
23,0.48710240119530424,0
23,0.6351024011953041,0
23,0.7481024011953041,0
23,1.1611024011953042,0
23,0.4381024011953042,0
23,0.4281024011953042,0
23,0.7851024011953043,0
23,0.8691024011953042,0
23,0.3861024011953042,0
23,0.5721024011953042,0
23,0.7491024011953042,0
23,0.5781024011953042,0
23,1.0761024011953042,0
23,0.9921024011953042,0
23,0.4551024011953042,0
23,0.3891024011953042,0
23,0.4521024011953042,0
23,0.4431024011953042,0
23,0.4161024011953042,0
23,0.5521024011953042,0
23,0.5251024011953043,0
23,0.8311024011953042,0
23,0.4721024011953042,0
23,0.7811024011953043,0
23,0.4351024011953042,0
23,0.9131024011953043,0
23,0.7591024011953043,0
23,0.6601024011953043,0
23,0.6931024011953042,0
23,0.40210240119530416,0
23,0.4621024011953042,0
23,0.6741024011953042,0
23,0.4601024011953042,0
23,0.4981024011953042,0
23,0.5101024011953041,0
23,0.7631024011953043,0
23,0.3281024011953042,0
23,0.3831024011953042,0
23,0.41410240119530417,0
23,0.5351024011953043,0
23,0.7321024011953041,0
23,0.3461024011953042,0
23,0.4381024011953042,0
23,0.7871024011953043,1
23,0.4311024011953042,0
23,0.5001024011953041,0
23,0.9201024011953043,0
23,0.8921024011953043,0
23,0.5211024011953043,0
23,0.7311024011953042,0
23,0.3601024011953042,0
23,0.3531024011953042,0
23,0.5761024011953042,0
23,0.7651024011953043,0
23,0.6301024011953043,0
23,0.6471024011953042,0
23,1.2001024011953043,0
23,0.7361024011953041,0
23,0.6071024011953041,0
23,0.48210240119530423,0
23,0.4781024011953042,0
23,0.4931024011953042,0
23,0.7561024011953043,0
24,0.24827374047146142,0
24,0.22427374047146142,0
24,0.3252737404714614,1
24,0.2302737404714614,1
24,0.2552737404714614,1
24,0.29327374047146143,1
24,0.2942737404714614,1
24,0.2712737404714614,1
24,0.24427374047146141,0
24,0.2572737404714614,1
24,0.22027374047146142,1
24,0.2332737404714614,1
24,0.2392737404714614,1
24,0.21727374047146142,1
24,0.2272737404714614,0
24,0.24827374047146142,1
24,0.2782737404714614,0
24,0.2532737404714614,1
24,0.2302737404714614,1
24,0.2362737404714614,1
24,0.29127374047146143,1
24,0.2792737404714614,1
24,0.2742737404714614,1
24,0.2312737404714614,1
24,0.2392737404714614,1
24,0.3002737404714614,1
24,0.2802737404714614,0
24,0.3182737404714614,1
24,0.24427374047146141,1
24,0.2422737404714614,1
24,0.2522737404714614,1
24,0.3002737404714614,1
24,0.2562737404714614,1
24,0.2822737404714614,0
24,0.2862737404714614,1
24,0.22027374047146142,1
24,0.29027374047146143,1
24,0.2792737404714614,1
24,0.3032737404714614,1
24,0.2382737404714614,1
24,0.2342737404714614,1
24,0.2972737404714614,1
24,0.21827374047146142,0
24,0.24527374047146142,1
24,0.2552737404714614,1
24,0.24927374047146142,0
24,0.2272737404714614,0
24,0.2542737404714614,1
24,0.2282737404714614,0
24,0.2622737404714614,0
24,0.24527374047146142,0
24,0.2942737404714614,0
24,0.2432737404714614,1
24,0.2602737404714614,0
24,0.2602737404714614,1
24,0.2992737404714614,1
24,0.2742737404714614,1
24,0.2892737404714614,0
24,0.2702737404714614,0
24,0.29127374047146143,1
24,0.2842737404714614,1
24,0.22227374047146142,1
24,0.3192737404714614,1
24,0.22327374047146142,1
24,0.2612737404714614,1
24,0.3012737404714614,1
24,0.2792737404714614,1
24,0.3372737404714614,1
24,0.2652737404714614,1
24,0.2642737404714614,1
24,0.21427374047146142,1
24,0.21527374047146142,1
24,0.3232737404714614,1
24,0.3032737404714614,1
24,0.37727374047146145,1
24,0.22127374047146142,1
24,0.2412737404714614,1
24,0.2682737404714614,0
24,0.22427374047146142,1
24,0.2312737404714614,0
24,0.2782737404714614,1
24,0.24827374047146142,0
24,0.2592737404714614,1
24,0.21627374047146142,1
24,0.4162737404714614,0
24,0.3362737404714614,1
24,0.22427374047146142,0
24,0.24427374047146141,0
24,0.2512737404714614,1
24,0.22227374047146142,1
24,0.2562737404714614,1
24,0.22427374047146142,1
24,0.2552737404714614,0
24,0.3152737404714614,1
24,0.24627374047146142,1
24,0.2552737404714614,0
24,0.35527374047146143,1
24,0.3042737404714614,1
24,0.2712737404714614,1
24,0.2992737404714614,1
25,0.23193158675832642,1
25,0.2679315867583264,1
25,0.19893158675832642,0
25,0.22093158675832641,0
25,0.3559315867583264,0
25,0.2679315867583264,0
25,0.24793158675832644,1
25,0.5629315867583264,0
25,0.22993158675832642,0
25,0.20593158675832643,0
25,0.5719315867583264,1
25,0.2759315867583264,1
25,0.5059315867583264,0
25,0.3789315867583264,1
25,0.20193158675832643,1
25,0.19493158675832642,1
25,0.16293158675832642,0
25,0.2119315867583264,1
25,0.16093158675832642,1
25,0.29993158675832643,0
25,0.5489315867583264,0
25,0.42993158675832643,0
25,0.18593158675832644,0
25,0.17593158675832643,1
25,0.2579315867583264,0
25,0.2899315867583264,1
25,0.2109315867583264,1
25,0.2579315867583264,1
25,0.15893158675832642,0
25,0.2599315867583264,1
25,0.6749315867583265,0
25,0.24093158675832643,0
25,0.2179315867583264,1
25,0.2159315867583264,0
25,0.5639315867583264,1
25,0.23293158675832643,0
25,0.6599315867583265,0
25,0.5019315867583264,1
25,0.2159315867583264,0
25,0.3499315867583264,1
25,0.7309315867583265,1
25,0.2599315867583264,0
25,0.31093158675832644,1
25,0.25293158675832644,1
25,0.19793158675832642,0
25,0.30193158675832643,0
25,0.17293158675832643,1
25,0.5639315867583264,1
25,0.30493158675832643,1
25,0.2639315867583264,0
25,0.22493158675832642,0
25,0.2839315867583264,1
25,0.23193158675832642,1
25,0.22793158675832642,1
25,0.18893158675832644,1
25,0.3569315867583264,0
25,0.4809315867583265,0
25,0.23293158675832643,0
25,0.19293158675832642,0
25,0.2949315867583264,0
25,0.2679315867583264,1
25,0.2919315867583264,0
25,0.23893158675832643,1
25,0.23893158675832643,1
25,0.2149315867583264,1
25,0.17793158675832643,0
25,0.2609315867583264,1
25,0.2829315867583264,0
25,0.2599315867583264,0
25,0.36493158675832643,1
25,0.3899315867583264,0
25,0.22693158675832642,0
25,0.33993158675832646,1
25,0.18393158675832644,0
25,0.2879315867583264,1
25,0.16593158675832642,0
25,0.18293158675832644,0
25,0.2609315867583264,1
25,0.24993158675832644,1
25,0.32993158675832646,1
25,0.2179315867583264,0
25,0.5329315867583264,0
25,0.2919315867583264,0
25,0.20593158675832643,0
25,0.2189315867583264,1
25,0.23093158675832642,0
25,0.20293158675832643,0
25,0.2679315867583264,0
25,0.23693158675832643,1
25,0.24693158675832644,1
25,0.16993158675832643,1
25,0.2709315867583264,1
25,0.5659315867583264,1
25,0.23993158675832643,0
25,0.16393158675832642,1
25,0.30393158675832643,1
25,0.4029315867583264,0
25,0.4069315867583264,1
25,0.31493158675832644,1
25,0.4019315867583264,0
26,0.5159500847451713,0
26,0.6419500847451713,0
26,0.44495008474517134,0
26,0.5419500847451713,0
26,0.37395008474517133,0
26,0.27795008474517136,0
26,0.40395008474517136,0
26,0.4139500847451713,0
26,0.39595008474517135,0
26,0.4899500847451713,0
26,0.3549500847451713,0
26,0.4899500847451713,0
26,0.39095008474517134,0
26,0.5119500847451713,0
26,0.31095008474517133,0
26,0.31495008474517133,0
26,0.3259500847451713,0
26,0.4209500847451713,0
26,0.3419500847451713,0
26,0.46195008474517135,0
26,0.3709500847451713,0
26,0.7859500847451714,0
26,0.5509500847451714,0
26,0.3279500847451713,0
26,0.43595008474517133,0
26,0.4169500847451713,0
26,0.3699500847451713,0
26,0.5189500847451713,0
26,0.3209500847451713,0
26,0.31795008474517134,0
26,0.6929500847451714,0
26,0.31295008474517133,0
26,0.3359500847451713,0
26,0.5759500847451713,0
26,0.6719500847451714,0
26,0.26195008474517134,1
26,0.5139500847451713,0
26,0.40795008474517136,0
26,0.6059500847451713,0
26,0.5099500847451713,0
26,0.25295008474517133,0
26,0.5539500847451713,0
26,0.2819500847451713,0
26,0.3079500847451713,1
26,0.3299500847451713,0
26,0.6539500847451714,0
26,0.37895008474517133,0
26,0.5899500847451713,0
26,0.26095008474517134,0
26,0.3699500847451713,0
26,0.4159500847451713,0
26,0.3529500847451713,0
26,0.3609500847451713,0
26,0.3309500847451713,0
26,0.5239500847451714,0
26,0.26095008474517134,0
26,0.4139500847451713,0
26,0.23995008474517132,0
26,0.2839500847451713,0
26,0.26195008474517134,0
26,0.3199500847451713,0
26,0.25895008474517134,0
26,0.6359500847451713,0
26,0.38995008474517134,0
26,0.4179500847451713,0
26,0.5469500847451714,0
26,0.26695008474517135,0
26,0.4819500847451713,0
26,0.3039500847451713,0
26,0.40295008474517136,0
26,0.3479500847451713,0
26,0.6069500847451713,0
26,0.3519500847451713,0
26,0.5729500847451714,0
26,0.5199500847451713,0
26,0.40595008474517136,0
26,0.40495008474517136,0
26,0.2969500847451713,0
26,0.44395008474517134,0
26,0.3329500847451713,0
26,0.3549500847451713,0
26,0.45295008474517134,0
26,0.4219500847451713,0
26,0.5279500847451712,0
26,0.25395008474517133,0
26,0.4689500847451713,0
26,0.8439500847451714,0
26,0.4679500847451713,0
26,0.5929500847451713,0
26,0.3259500847451713,0
26,0.37995008474517133,0
26,0.3639500847451713,0
26,0.39595008474517135,0
26,0.23195008474517131,0
26,0.41295008474517136,0
26,0.3409500847451713,0
26,0.38995008474517134,0
26,0.3599500847451713,0
26,0.39995008474517135,0
26,0.3229500847451713,0
27,0.3474507473988927,1
27,0.31845074739889273,0
27,0.3594507473988927,1
27,0.24645074739889272,1
27,0.28245074739889275,1
27,0.20645074739889274,1
27,0.27645074739889275,1
27,0.47145074739889276,1
27,0.28445074739889276,1
27,0.16745074739889274,1
27,0.17845074739889272,1
27,0.27145074739889274,1
27,0.5074507473988927,1
27,0.5754507473988928,1
27,0.21145074739889275,1
27,0.25945074739889273,1
27,0.3494507473988927,1
27,0.38245074739889273,1
27,0.24345074739889272,1
27,0.20445074739889274,1
27,0.3494507473988927,1
27,0.4944507473988927,1
27,0.6864507473988928,1
27,0.27045074739889274,1
27,0.28645074739889276,1
27,0.45145074739889274,1
27,0.28345074739889276,1
27,0.3514507473988927,1
27,0.25545074739889273,1
27,0.6174507473988927,1
27,0.25745074739889273,1
27,0.41145074739889276,1
27,0.3524507473988927,1
27,0.21845074739889275,1
27,0.18445074739889272,1
27,0.6804507473988928,1
27,0.26445074739889274,1
27,0.3484507473988927,1
27,0.18545074739889272,1
27,0.22845074739889273,1
27,0.21245074739889275,1
27,0.46345074739889275,1
27,0.6394507473988928,1
27,0.18745074739889273,1
27,0.28845074739889276,1
27,0.5144507473988927,1
27,0.28645074739889276,1
27,0.31645074739889273,1
27,0.38045074739889273,1
27,0.20745074739889274,1
27,0.5124507473988927,1
27,0.5094507473988927,1
27,0.5854507473988928,1
27,0.5094507473988927,1
27,0.41045074739889276,1
27,0.31745074739889273,1
27,0.5114507473988927,1
27,0.28745074739889276,1
27,0.27745074739889275,1
27,0.5504507473988928,1
27,0.32645074739889274,1
27,0.26645074739889274,1
27,0.27345074739889275,1
27,0.39445074739889274,1
27,0.34045074739889275,1
27,0.4944507473988927,1
27,0.46445074739889275,1
27,0.21445074739889275,1
27,0.24645074739889272,1
27,0.29545074739889277,1
27,0.22345074739889273,1
27,0.28645074739889276,1
27,0.29245074739889276,1
27,0.26745074739889274,1
27,0.21145074739889275,1
27,0.33945074739889275,1
27,0.6684507473988928,1
27,0.30045074739889277,1
27,0.24645074739889272,0
27,0.24945074739889272,1
27,0.4364507473988927,1
27,0.25545074739889273,1
27,0.39945074739889275,1
27,0.5064507473988927,1
27,0.6414507473988929,1
27,0.6314507473988927,1
27,0.5634507473988928,1
27,0.25945074739889273,1
27,0.4314507473988927,1
27,0.3084507473988928,1
27,0.5564507473988927,1
27,0.45345074739889274,1
27,0.47145074739889276,1
27,0.33145074739889274,1
27,0.24545074739889272,1
27,0.38345074739889273,1
27,0.5774507473988928,1
27,0.24845074739889272,1
27,0.25845074739889273,1
28,0.43284512052512075,0
28,0.6098451205251207,0
28,0.28784512052512073,0
28,0.3368451205251207,0
28,0.4608451205251207,0
28,0.30984512052512075,0
28,0.47684512052512074,0
28,0.5448451205251208,0
28,0.3278451205251207,0
28,0.47084512052512073,0
28,0.5148451205251208,0
28,0.44384512052512076,0
28,0.4598451205251207,0
28,0.47184512052512073,0
28,0.34884512052512073,0
28,0.37484512052512076,0
28,0.4588451205251207,0
28,0.44584512052512076,0
28,0.41984512052512074,0
28,0.31384512052512076,0
28,0.46784512052512073,0
28,0.7418451205251209,0
28,0.5798451205251207,0
28,0.38484512052512077,0
28,0.7918451205251208,0
28,0.44484512052512076,0
28,0.41884512052512074,0
28,0.4078451205251208,0
28,0.43584512052512075,0
28,0.36584512052512075,0
28,0.48784512052512075,0
28,0.4068451205251208,0
28,0.35084512052512073,0
28,0.5888451205251207,0
28,0.3288451205251207,0
28,0.5128451205251208,0
28,0.3988451205251208,0
28,0.3318451205251207,0
28,0.38684512052512077,0
28,0.4038451205251208,0
28,0.47484512052512073,0
28,0.35284512052512074,0
28,0.5438451205251208,0
28,0.38984512052512077,0
28,0.43084512052512075,0
28,0.26084512052512077,0
28,0.34284512052512073,0
28,0.5808451205251207,0
28,0.44584512052512076,0
28,0.6668451205251208,0
28,0.46784512052512073,0
28,0.3418451205251207,0
28,0.6998451205251207,0
28,0.5868451205251207,0
28,0.5648451205251207,0
28,0.47984512052512074,0
28,0.6228451205251208,0
28,0.35884512052512074,0
28,0.36884512052512075,0
28,0.5378451205251208,0
28,0.6598451205251208,0
28,0.8418451205251208,0
28,0.35584512052512074,0
28,0.5038451205251208,0
28,0.30184512052512075,0
28,0.41684512052512074,0
28,0.35384512052512074,0
28,0.37284512052512075,0
28,0.4498451205251207,0
28,0.38284512052512076,0
28,0.2718451205251208,0
28,0.42084512052512074,0
28,0.31584512052512076,0
28,0.6518451205251208,0
28,0.6668451205251208,0
28,0.6328451205251208,0
28,0.4548451205251207,0
28,0.41684512052512074,0
28,0.28384512052512073,0
28,0.31784512052512076,0
28,0.5378451205251208,0
28,0.3348451205251207,0
28,0.4558451205251207,0
28,0.6168451205251207,0
28,0.7748451205251209,0
28,0.32184512052512076,0
28,0.3938451205251208,0
28,0.28784512052512073,0
28,0.35784512052512074,0
28,0.49284512052512075,0
28,0.43884512052512076,0
28,0.47584512052512073,0
28,0.3958451205251208,0
28,0.4138451205251208,0
28,0.5178451205251208,0
28,0.5888451205251207,0
28,0.4518451205251207,0
28,0.34384512052512073,0
28,0.3998451205251208,0
28,0.3398451205251207,0
29,0.5319349898809105,0
29,0.5549349898809104,0
29,0.5079349898809105,0
29,0.5299349898809105,0
29,0.5919349898809104,0
29,0.7109349898809105,0
29,0.5759349898809105,0
29,0.6299349898809105,0
29,0.5619349898809105,0
29,0.7139349898809104,0
29,0.6239349898809105,0
29,0.6889349898809105,0
29,0.5819349898809105,0
29,0.5519349898809105,0
29,0.7249349898809105,0
29,0.5959349898809104,0
29,0.6719349898809104,0
29,0.6219349898809104,0
29,0.5309349898809105,0
29,0.9669349898809105,0
29,0.6739349898809104,0
29,0.7709349898809105,0
29,0.5959349898809104,0
29,0.7659349898809105,0
29,0.8149349898809104,0
29,0.8179349898809105,0
29,0.6369349898809105,0
29,0.48693498988091044,0
29,0.6599349898809105,0
29,0.6119349898809104,0
29,0.5829349898809104,0
29,0.6099349898809104,0
29,0.5669349898809104,0
29,0.5799349898809105,0
29,0.6599349898809105,0
29,0.5569349898809104,0
29,0.5769349898809104,0
29,0.8699349898809104,0
29,0.6419349898809105,0
29,0.9099349898809106,0
29,0.5989349898809104,0
29,0.6849349898809105,0
29,1.3359349898809105,0
29,0.6389349898809105,0
29,0.7029349898809105,0
29,0.6929349898809105,0
29,1.2079349898809106,0
29,0.6229349898809105,0
29,0.9079349898809106,0
29,0.5339349898809105,0
29,0.6599349898809105,0
29,0.6159349898809104,0
29,0.7799349898809105,0
29,1.1559349898809106,0
29,0.7449349898809104,0
29,0.7379349898809104,0
29,0.5519349898809105,0
29,0.7829349898809105,0
29,0.9439349898809106,0
29,0.7489349898809105,0
29,0.7079349898809104,0
29,0.5939349898809104,0
29,0.48393498988091044,0
29,0.5759349898809105,0
29,0.5479349898809105,0
29,0.6379349898809105,0
29,0.5919349898809104,0
29,0.7439349898809104,0
29,0.7849349898809105,0
29,0.4619349898809105,0
29,0.4709349898809104,0
29,1.0129349898809106,0
29,0.6719349898809104,0
29,0.7579349898809105,0
29,0.8429349898809104,0
29,0.8289349898809104,0
29,0.5179349898809105,0
29,0.49993498988091045,0
29,0.5289349898809105,0
29,0.5139349898809105,0
29,0.8899349898809106,0
29,0.6819349898809104,0
29,0.5789349898809104,0
29,0.5059349898809105,0
29,0.7729349898809105,0
29,0.48193498988091044,0
29,0.5909349898809104,0
29,0.5559349898809105,0
29,1.1109349898809104,0
29,0.8629349898809104,0
29,0.6059349898809104,0
29,0.5979349898809104,0
29,1.1559349898809106,0
29,0.5479349898809105,0
29,0.6559349898809105,0
29,0.5039349898809105,0
29,1.0859349898809105,0
29,0.6279349898809105,0
29,0.8219349898809105,0
29,0.5079349898809105,0
